"VendorID","MaterialID","SupplyUnitPrice"
3,"ADHUP",0.12
2,"1-1/21010ASH",21.00
1,"1-1/21010CHE",37.50
3,"ADHWDE",0.09
2,"1-1/21010BIR",18.00
1,"1-1/21010OAK",30.00
3,"ADHWDI",0.08
2,"1-1/21010PIN",15.00
1,"1-1/21012CHE",45.00
3,"FINGLS",0.24
2,"1-1/21010WAL",27.00
1,"1-1/21012OAK",36.00
3,"FINSTN",0.24
2,"1-1/21012ASH",25.20
1,"1-1/21016CHE",60.00
3,"LBRF",4.20
2,"1-1/21012BIR",21.60
1,"1-1/21016OAK",48.00
3,"LBRW",2.40
2,"1-1/21012PIN",18.00
1,"1-1/2104CHE",15.00
3,"NC012",0.15
2,"1-1/21012WAL",32.40
1,"1-1/2104OAK",12.00
3,"NC014",0.08
2,"1-1/21016ASH",33.60
1,"1-1/2108CHE",30.00
3,"NC034",0.23
2,"1-1/21016BIR",28.80
1,"1-1/2108OAK",24.00
3,"NC038",0.11
2,"1-1/21016PIN",24.00
1,"1-1/21210CHE",45.00
3,"NC058",0.17
2,"1-1/21016WAL",43.20
1,"1-1/21210OAK",36.00
3,"NC078",0.26
2,"1-1/2104ASH",8.40
1,"1-1/21212CHE",54.00
3,"NC1",0.15
2,"1-1/2104BIR",7.20
1,"1-1/21212OAK",43.20
3,"NC1-1/2",0.23
2,"1-1/2104PIN",6.00
1,"1-1/21216CHE",72.00
3,"NC1-1/4",0.19
2,"1-1/2104WAL",10.80
1,"1-1/21216OAK",57.60
3,"NC1/2",0.08
2,"1-1/2108ASH",16.80
1,"1-1/2124CHE",18.00
3,"NC1/4",0.04
2,"1-1/2108BIR",14.40
1,"1-1/2124OAK",14.40
3,"NC100",0.30
2,"1-1/2108PIN",12.00
1,"1-1/2128CHE",36.00
3,"NC112",0.45
2,"1-1/2108WAL",21.60
1,"1-1/2128OAK",28.80
3,"NC114",0.38
2,"1-1/21210ASH",25.20
1,"1-1/2210CHE",7.50
3,"NC2",0.30
2,"1-1/21210BIR",21.60
1,"1-1/2210OAK",6.00
3,"NC2-1/2",0.38
2,"1-1/21210PIN",18.00
1,"1-1/2212CHE",9.00
3,"NC200",0.60
2,"1-1/21210WAL",32.40
1,"1-1/2212OAK",7.20
3,"NC212",0.75
2,"1-1/21212ASH",30.24
1,"1-1/2216CHE",12.00
3,"NC3",0.45
2,"1-1/21212BIR",25.92
1,"1-1/2216OAK",9.60
3,"NC3/4",0.11
2,"1-1/21212PIN",21.60
1,"1-1/224CHE",3.00
3,"NC3/8",0.06
2,"1-1/21212WAL",38.88
1,"1-1/224OAK",15.60
3,"NC300",0.90
2,"1-1/21216ASH",40.32
1,"1-1/228CHE",6.00
3,"NC5/8",0.09
2,"1-1/21216BIR",34.56
1,"1-1/228OAK",31.20
3,"NC7/8",0.13
2,"1-1/21216PIN",28.80
1,"1-1/2310CHE",11.25
3,"NF012",0.15
2,"1-1/21216WAL",51.84
1,"1-1/2310OAK",9.00
3,"NF014",0.08
2,"1-1/2124ASH",10.08
1,"1-1/2312CHE",13.50
3,"NF034",0.23
2,"1-1/2124BIR",8.64
1,"1-1/2312OAK",10.80
3,"NF038",0.11
2,"1-1/2124PIN",7.20
1,"1-1/2316CHE",18.00
3,"NF058",0.17
2,"1-1/2124WAL",12.96
1,"1-1/2316OAK",14.40
3,"NF078",0.26
2,"1-1/2128ASH",20.16
1,"1-1/234CHE",4.50
3,"NF1",0.15
2,"1-1/2128BIR",17.28
1,"1-1/234OAK",23.40
3,"NF1-1/2",0.23
2,"1-1/2128PIN",14.40
1,"1-1/238CHE",9.00
3,"NF1-1/4",0.19
2,"1-1/2128WAL",25.92
1,"1-1/238OAK",46.80
3,"NF1/2",0.08
2,"1-1/2210ASH",4.20
1,"1-1/2410CHE",15.00
3,"NF1/4",0.04
2,"1-1/2210BIR",3.60
1,"1-1/2410OAK",12.00
3,"NF100",0.30
2,"1-1/2210PIN",3.00
1,"1-1/2412CHE",18.00
3,"NF112",0.45
2,"1-1/2210WAL",5.40
1,"1-1/2412OAK",14.40
3,"NF114",0.38
2,"1-1/2212ASH",5.04
1,"1-1/2416CHE",24.00
3,"NF2",0.30
2,"1-1/2212BIR",4.32
1,"1-1/2416OAK",19.20
3,"NF2-1/2",0.38
2,"1-1/2212PIN",3.60
1,"1-1/244CHE",6.00
3,"NF200",0.60
2,"1-1/2212WAL",6.48
1,"1-1/244OAK",31.20
3,"NF212",0.75
2,"1-1/2216ASH",6.72
1,"1-1/248CHE",12.00
3,"NF3",0.45
2,"1-1/2216BIR",5.76
1,"1-1/248OAK",62.40
3,"NF3/4",0.11
2,"1-1/2216PIN",4.80
1,"1-1/2610CHE",22.50
3,"NF3/8",0.06
2,"1-1/2216WAL",8.64
1,"1-1/2610OAK",18.00
3,"NF300",0.90
2,"1-1/224ASH",1.68
1,"1-1/2612CHE",27.00
3,"NF5/8",0.09
2,"1-1/224BIR",1.44
1,"1-1/2612OAK",21.60
3,"NF7/8",0.13
2,"1-1/224PIN",1.20
1,"1-1/2616CHE",36.00
3,"NOW012",0.15
2,"1-1/224WAL",2.16
1,"1-1/2616OAK",28.80
3,"NOW014",0.08
2,"1-1/228ASH",3.36
1,"1-1/264CHE",9.00
3,"NOW034",0.23
2,"1-1/228BIR",2.88
1,"1-1/264OAK",46.80
3,"NOW038",0.11
2,"1-1/228PIN",2.40
1,"1-1/268CHE",18.00
3,"NOW058",0.17
2,"1-1/228WAL",4.32
1,"1-1/268OAK",93.60
3,"NOW078",0.26
2,"1-1/2310ASH",6.30
1,"1-1/2810CHE",30.00
3,"NOW1",0.15
2,"1-1/2310BIR",5.40
1,"1-1/2810OAK",24.00
3,"NOW1-1/2",0.23
2,"1-1/2310PIN",4.50
1,"1-1/2812CHE",36.00
3,"NOW1-1/4",0.19
2,"1-1/2310WAL",8.10
1,"1-1/2812OAK",28.80
3,"NOW1/2",0.08
2,"1-1/2312ASH",7.56
1,"1-1/2816CHE",48.00
3,"NOW1/4",0.04
2,"1-1/2312BIR",6.48
1,"1-1/2816OAK",38.40
3,"NOW100",0.30
2,"1-1/2312PIN",5.40
1,"1-1/284CHE",12.00
3,"NOW112",0.45
2,"1-1/2312WAL",9.72
1,"1-1/284OAK",62.40
3,"NOW114",0.38
2,"1-1/2316ASH",10.08
1,"1-1/288CHE",24.00
3,"NOW2",0.30
2,"1-1/2316BIR",8.64
1,"1-1/288OAK",124.80
3,"NOW2-1/2",0.38
2,"1-1/2316PIN",7.20
1,"1/21010CHE",12.50
3,"NOW200",0.60
2,"1-1/2316WAL",12.96
1,"1/21010MAH",0.00
3,"NOW212",0.75
2,"1-1/234ASH",2.52
1,"1/21010OAK",195.00
3,"NOW3",0.45
2,"1-1/234BIR",2.16
1,"1/21012CHE",15.00
3,"NOW3/4",0.11
2,"1-1/234PIN",1.80
1,"1/21012OAK",234.00
3,"NOW3/8",0.06
2,"1-1/234WAL",3.24
1,"1/21016CHE",20.00
3,"NOW300",0.90
2,"1-1/238ASH",5.04
1,"1/21016OAK",312.00
3,"NOW5/8",0.09
2,"1-1/238BIR",4.32
1,"1/2104CHE",5.00
3,"NOW7/8",0.13
2,"1-1/238PIN",3.60
1,"1/2104OAK",78.00
3,"NST012",0.15
2,"1-1/238WAL",6.48
1,"1/2108CHE",10.00
3,"NST014",0.08
2,"1-1/2410ASH",8.40
1,"1/2108OAK",156.00
3,"NST034",0.23
2,"1-1/2410BIR",7.20
1,"1/21210CHE",15.00
3,"NST038",0.11
2,"1-1/2410PIN",6.00
1,"1/21210OAK",234.00
3,"NST058",0.17
2,"1-1/2410WAL",10.80
1,"1/21212CHE",18.00
3,"NST078",0.26
2,"1-1/2412ASH",10.08
1,"1/21212OAK",280.80
3,"NST1",0.15
2,"1-1/2412BIR",8.64
1,"1/21216CHE",24.00
3,"NST1-1/2",0.23
2,"1-1/2412PIN",7.20
1,"1/21216OAK",374.40
3,"NST1-1/4",0.19
2,"1-1/2412WAL",12.96
1,"1/2124CHE",6.00
3,"NST1/2",0.08
2,"1-1/2416ASH",13.44
1,"1/2124OAK",93.60
3,"NST1/4",0.04
2,"1-1/2416BIR",11.52
1,"1/2128CHE",12.00
3,"NST100",0.30
2,"1-1/2416PIN",9.60
1,"1/2128OAK",187.20
3,"NST112",0.45
2,"1-1/2416WAL",17.28
1,"1/2210CHE",2.50
3,"NST114",0.38
2,"1-1/244ASH",3.36
1,"1/2210OAK",39.00
3,"NST2",0.30
2,"1-1/244BIR",2.88
1,"1/2212CHE",3.00
3,"NST2-1/2",0.38
2,"1-1/244PIN",2.40
1,"1/2212OAK",46.80
3,"NST200",0.60
2,"1-1/244WAL",4.32
1,"1/2216CHE",4.00
3,"NST212",0.75
2,"1-1/248ASH",6.72
1,"1/2216OAK",62.40
3,"NST3",0.45
2,"1-1/248BIR",5.76
1,"1/224CHE",1.00
3,"NST3/4",0.11
2,"1-1/248PIN",4.80
1,"1/224OAK",15.60
3,"NST3/8",0.06
2,"1-1/248WAL",8.64
1,"1/228CHE",2.00
3,"NST300",0.90
2,"1-1/2610ASH",12.60
1,"1/228OAK",31.20
3,"NST5/8",0.09
2,"1-1/2610BIR",10.80
1,"1/2310CHE",3.75
3,"NST7/8",0.13
2,"1-1/2610PIN",9.00
1,"1/2310OAK",58.50
3,"NUT012",0.15
2,"1-1/2610WAL",16.20
1,"1/2312CHE",4.50
3,"NUT014",0.08
2,"1-1/2612ASH",15.12
1,"1/2312OAK",70.20
3,"NUT034",0.23
2,"1-1/2612BIR",12.96
1,"1/2316CHE",6.00
3,"NUT038",0.11
2,"1-1/2612PIN",10.80
1,"1/2316OAK",93.60
3,"NUT058",0.17
2,"1-1/2612WAL",19.44
1,"1/234CHE",1.50
3,"NUT078",0.26
2,"1-1/2616ASH",20.16
1,"1/234OAK",23.40
3,"NUT1",0.15
2,"1-1/2616BIR",17.28
1,"1/238CHE",3.00
3,"NUT1-1/2",0.23
2,"1-1/2616PIN",14.40
1,"1/238OAK",46.80
3,"NUT1-1/4",0.19
2,"1-1/2616WAL",25.92
1,"1/2410CHE",5.00
3,"NUT1/2",0.08
2,"1-1/264ASH",5.04
1,"1/2410OAK",78.00
3,"NUT1/4",0.04
2,"1-1/264BIR",4.32
1,"1/2412CHE",6.00
3,"NUT100",0.30
2,"1-1/264PIN",3.60
1,"1/2412OAK",93.60
3,"NUT112",0.45
2,"1-1/264WAL",6.48
1,"1/2416CHE",8.00
3,"NUT114",0.38
2,"1-1/268ASH",10.08
1,"1/2416OAK",124.80
3,"NUT2",0.30
2,"1-1/268BIR",8.64
1,"1/244CHE",2.00
3,"NUT2-1/2",0.38
2,"1-1/268PIN",7.20
1,"1/244OAK",31.20
3,"NUT200",0.60
2,"1-1/268WAL",12.96
1,"1/248CHE",4.00
3,"NUT212",0.75
2,"1-1/2810ASH",16.80
1,"1/248OAK",62.40
3,"NUT3",0.45
2,"1-1/2810BIR",14.40
1,"1/2610CHE",7.50
3,"NUT3/4",0.11
2,"1-1/2810PIN",12.00
1,"1/2610OAK",117.00
3,"NUT3/8",0.06
2,"1-1/2810WAL",21.60
1,"1/2612CHE",9.00
3,"NUT300",0.90
2,"1-1/2812ASH",20.16
1,"1/2612OAK",140.40
3,"NUT5/8",0.09
2,"1-1/2812BIR",17.28
1,"1/2616CHE",12.00
3,"NUT7/8",0.13
2,"1-1/2812PIN",14.40
1,"1/2616OAK",187.20
2,"1-1/2812WAL",25.92
1,"1/264CHE",3.00
2,"1-1/2816ASH",26.88
1,"1/264OAK",46.80
2,"1-1/2816BIR",23.04
1,"1/268CHE",6.00
2,"1-1/2816PIN",19.20
1,"1/268OAK",93.60
2,"1-1/2816WAL",34.56
1,"1/2810CHE",10.00
2,"1-1/284ASH",6.72
1,"1/2810OAK",156.00
2,"1-1/284BIR",5.76
1,"1/2812CHE",12.00
2,"1-1/284PIN",4.80
1,"1/2812OAK",187.20
2,"1-1/284WAL",8.64
1,"1/2816CHE",16.00
2,"1-1/288ASH",13.44
1,"1/2816OAK",249.60
2,"1-1/288BIR",11.52
1,"1/284CHE",4.00
2,"1-1/288PIN",9.60
1,"1/284OAK",62.40
2,"1-1/288WAL",17.28
1,"1/288CHE",8.00
2,"1/21010ASH",7.00
1,"1/288OAK",124.80
2,"1/21010BIR",6.00
1,"1/41010CHE",6.25
2,"1/21010PIN",5.00
1,"1/41010OAK",32.50
2,"1/21010WAL",9.00
1,"1/41012CHE",7.50
2,"1/21012ASH",8.40
1,"1/41012OAK",39.00
2,"1/21012BIR",7.20
1,"1/41016CHE",10.00
2,"1/21012PIN",6.00
1,"1/41016OAK",52.00
2,"1/21012WAL",10.80
1,"1/4104CHE",2.50
2,"1/21016ASH",11.20
1,"1/4104OAK",13.00
2,"1/21016BIR",9.60
1,"1/4108CHE",5.00
2,"1/21016PIN",8.00
1,"1/4108OAK",26.00
2,"1/21016WAL",14.40
1,"1/41210CHE",7.50
2,"1/2104ASH",2.80
1,"1/41210OAK",39.00
2,"1/2104BIR",2.40
1,"1/41212CHE",9.00
2,"1/2104PIN",2.00
1,"1/41212OAK",46.80
2,"1/2104WAL",3.60
1,"1/41216CHE",12.00
2,"1/2108ASH",5.60
1,"1/41216OAK",62.40
2,"1/2108BIR",4.80
1,"1/4124CHE",3.00
2,"1/2108PIN",4.00
1,"1/4124OAK",15.60
2,"1/2108WAL",7.20
1,"1/4128CHE",6.00
2,"1/21210ASH",8.40
1,"1/4128OAK",31.20
2,"1/21210BIR",7.20
1,"1/4210CHE",1.25
2,"1/21210PIN",6.00
1,"1/4210OAK",6.50
2,"1/21210WAL",10.80
1,"1/4212CHE",1.50
2,"1/21212ASH",10.08
1,"1/4212OAK",7.80
2,"1/21212BIR",8.64
1,"1/4216CHE",2.00
2,"1/21212PIN",7.20
1,"1/4216OAK",10.40
2,"1/21212WAL",12.96
1,"1/424CHE",0.50
2,"1/21216ASH",13.44
1,"1/424OAK",2.60
2,"1/21216BIR",11.52
1,"1/428CHE",1.00
2,"1/21216PIN",9.60
1,"1/428OAK",5.20
2,"1/21216WAL",17.28
1,"1/4310CHE",1.88
2,"1/2124ASH",3.36
1,"1/4310OAK",9.75
2,"1/2124BIR",2.88
1,"1/4312CHE",2.25
2,"1/2124PIN",2.40
1,"1/4312OAK",11.70
2,"1/2124WAL",4.32
1,"1/4316CHE",3.00
2,"1/2128ASH",6.72
1,"1/4316OAK",15.60
2,"1/2128BIR",5.76
1,"1/434CHE",0.75
2,"1/2128PIN",4.80
1,"1/434OAK",3.90
2,"1/2128WAL",8.64
1,"1/438CHE",1.50
2,"1/2210ASH",1.40
1,"1/438OAK",7.80
2,"1/2210BIR",1.20
1,"1/4410CHE",2.50
2,"1/2210PIN",1.00
1,"1/4410OAK",13.00
2,"1/2210WAL",1.80
1,"1/4412CHE",3.00
2,"1/2212ASH",1.68
1,"1/4412OAK",15.60
2,"1/2212BIR",1.44
1,"1/4416CHE",4.00
2,"1/2212PIN",1.20
1,"1/4416OAK",20.80
2,"1/2212WAL",2.16
1,"1/444CHE",1.00
2,"1/2216ASH",2.24
1,"1/444OAK",5.20
2,"1/2216BIR",1.92
1,"1/448CHE",2.00
2,"1/2216PIN",1.60
1,"1/448OAK",10.40
2,"1/2216WAL",2.88
1,"1/4610CHE",3.75
2,"1/224ASH",0.56
1,"1/4610OAK",19.50
2,"1/224BIR",0.48
1,"1/4612CHE",4.50
2,"1/224PIN",0.40
1,"1/4612OAK",23.40
2,"1/224WAL",0.72
1,"1/4616CHE",6.00
2,"1/228ASH",1.12
1,"1/4616OAK",31.20
2,"1/228BIR",0.96
1,"1/464CHE",1.50
2,"1/228PIN",0.80
1,"1/464OAK",7.80
2,"1/228WAL",1.44
1,"1/468CHE",3.00
2,"1/2310ASH",2.10
1,"1/468OAK",15.60
2,"1/2310BIR",1.80
1,"1/4810CHE",5.00
2,"1/2310PIN",1.50
1,"1/4810OAK",26.00
2,"1/2310WAL",2.70
1,"1/4812CHE",6.00
2,"1/2312ASH",2.52
1,"1/4812OAK",31.20
2,"1/2312BIR",2.16
1,"1/4816CHE",8.00
2,"1/2312PIN",1.80
1,"1/4816OAK",41.60
2,"1/2312WAL",3.24
1,"1/484CHE",2.00
2,"1/2316ASH",3.36
1,"1/484OAK",10.40
2,"1/2316BIR",2.88
1,"1/488CHE",4.00
2,"1/2316PIN",2.40
1,"1/488OAK",20.80
2,"1/2316WAL",4.32
1,"101010CHE",312.50
2,"1/234ASH",0.84
1,"101010OAK",1625.00
2,"1/234BIR",0.72
1,"101012CHE",375.00
2,"1/234PIN",0.60
1,"101012OAK",1950.00
2,"1/234WAL",1.08
1,"101016CHE",500.00
2,"1/238ASH",1.68
1,"101016OAK",2600.00
2,"1/238BIR",1.44
1,"10104CHE",125.00
2,"1/238PIN",1.20
1,"10104OAK",650.00
2,"1/238WAL",2.16
1,"10108CHE",250.00
2,"1/2410ASH",2.80
1,"10108OAK",1300.00
2,"1/2410BIR",2.40
1,"101210CHE",375.00
2,"1/2410PIN",2.00
1,"101210OAK",1950.00
2,"1/2410WAL",3.60
1,"101212CHE",450.00
2,"1/2412ASH",3.36
1,"101212OAK",2340.00
2,"1/2412BIR",2.88
1,"101216CHE",600.00
2,"1/2412PIN",2.40
1,"101216OAK",3120.00
2,"1/2412WAL",4.32
1,"10124CHE",150.00
2,"1/2416ASH",4.48
1,"10124OAK",780.00
2,"1/2416BIR",3.84
1,"10128CHE",300.00
2,"1/2416PIN",3.20
1,"10128OAK",1560.00
2,"1/2416WAL",5.76
1,"10210CHE",62.50
2,"1/244ASH",1.12
1,"10210OAK",325.00
2,"1/244BIR",0.96
1,"10212CHE",75.00
2,"1/244PIN",0.80
1,"10212OAK",390.00
2,"1/244WAL",1.44
1,"10216CHE",100.00
2,"1/248ASH",2.24
1,"10216OAK",520.00
2,"1/248BIR",1.92
1,"1024CHE",25.00
2,"1/248PIN",1.60
1,"1024OAK",130.00
2,"1/248WAL",2.88
1,"1028CHE",50.00
2,"1/2610ASH",4.20
1,"1028OAK",260.00
2,"1/2610BIR",3.60
1,"10310CHE",93.75
2,"1/2610PIN",3.00
1,"10310OAK",487.50
2,"1/2610WAL",5.40
1,"10312CHE",112.50
2,"1/2612ASH",5.04
1,"10312OAK",585.00
2,"1/2612BIR",4.32
1,"10316CHE",150.00
2,"1/2612PIN",3.60
1,"10316OAK",780.00
2,"1/2612WAL",6.48
1,"1034CHE",37.50
2,"1/2616ASH",6.72
1,"1034OAK",195.00
2,"1/2616BIR",5.76
1,"1038CHE",75.00
2,"1/2616PIN",4.80
1,"1038OAK",390.00
2,"1/2616WAL",8.64
1,"10410CHE",125.00
2,"1/264ASH",1.68
1,"10410OAK",650.00
2,"1/264BIR",1.44
1,"10412CHE",150.00
2,"1/264PIN",1.20
1,"10412OAK",780.00
2,"1/264WAL",2.16
1,"10416CHE",200.00
2,"1/268ASH",3.36
1,"10416OAK",1040.00
2,"1/268BIR",2.88
1,"1044CHE",50.00
2,"1/268PIN",2.40
1,"1044OAK",260.00
2,"1/268WAL",4.32
1,"1048CHE",100.00
2,"1/2810ASH",5.60
1,"1048OAK",520.00
2,"1/2810BIR",4.80
1,"10610CHE",187.50
2,"1/2810PIN",4.00
1,"10610OAK",975.00
2,"1/2810WAL",7.20
1,"10612CHE",225.00
2,"1/2812ASH",6.72
1,"10612OAK",1170.00
2,"1/2812BIR",5.76
1,"10616CHE",300.00
2,"1/2812PIN",4.80
1,"10616OAK",1560.00
2,"1/2812WAL",8.64
1,"1064CHE",75.00
2,"1/2816ASH",8.96
1,"1064OAK",390.00
2,"1/2816BIR",7.68
1,"1068CHE",150.00
2,"1/2816PIN",6.40
1,"1068OAK",780.00
2,"1/2816WAL",11.52
1,"10810CHE",250.00
2,"1/284ASH",2.24
1,"10810OAK",1300.00
2,"1/284BIR",1.92
1,"10812CHE",300.00
2,"1/284PIN",1.60
1,"10812OAK",1560.00
2,"1/284WAL",2.88
1,"10816CHE",400.00
2,"1/288ASH",4.48
1,"10816OAK",2080.00
2,"1/288BIR",3.84
1,"1084CHE",100.00
2,"1/288PIN",3.20
1,"1084OAK",520.00
2,"1/288WAL",5.76
1,"1088CHE",200.00
2,"1/41010ASH",3.50
1,"1088OAK",1040.00
2,"1/41010BIR",3.00
1,"11010CHE",25.00
2,"1/41010PIN",2.50
1,"11010OAK",130.00
2,"1/41010WAL",4.50
1,"11012CHE",30.00
2,"1/41012ASH",4.20
1,"11012OAK",156.00
2,"1/41012BIR",3.60
1,"11016CHE",40.00
2,"1/41012PIN",3.00
1,"11016OAK",208.00
2,"1/41012WAL",5.40
1,"1104CHE",10.00
2,"1/41016ASH",5.60
1,"1104OAK",52.00
2,"1/41016BIR",4.80
1,"1108CHE",20.00
2,"1/41016PIN",4.00
1,"1108OAK",104.00
2,"1/41016WAL",7.20
1,"11210CHE",30.00
2,"1/4104ASH",1.40
1,"11210OAK",156.00
2,"1/4104BIR",1.20
1,"11212CHE",36.00
2,"1/4104PIN",1.00
1,"11212OAK",187.20
2,"1/4104WAL",1.80
1,"11216CHE",48.00
2,"1/4108ASH",2.80
1,"11216OAK",249.60
2,"1/4108BIR",2.40
1,"1124CHE",12.00
2,"1/4108PIN",2.00
1,"1124OAK",62.40
2,"1/4108WAL",3.60
1,"1128CHE",24.00
2,"1/41210ASH",4.20
1,"1128OAK",124.80
2,"1/41210BIR",3.60
1,"121010CHE",375.00
2,"1/41210PIN",3.00
1,"121010OAK",1950.00
2,"1/41210WAL",5.40
1,"121012CHE",450.00
2,"1/41212ASH",5.04
1,"121012OAK",2340.00
2,"1/41212BIR",4.32
1,"121016CHE",600.00
2,"1/41212PIN",3.60
1,"121016OAK",3120.00
2,"1/41212WAL",6.48
1,"12104CHE",150.00
2,"1/41216ASH",6.72
1,"12104OAK",780.00
2,"1/41216BIR",5.76
1,"12108CHE",300.00
2,"1/41216PIN",4.80
1,"12108OAK",1560.00
2,"1/41216WAL",8.64
1,"1210CHE",5.00
2,"1/4124ASH",1.68
1,"1210OAK",26.00
2,"1/4124BIR",1.44
1,"121210CHE",450.00
2,"1/4124PIN",1.20
1,"121210OAK",2340.00
2,"1/4124WAL",2.16
1,"121212CHE",540.00
2,"1/4128ASH",3.36
1,"121212OAK",2808.00
2,"1/4128BIR",2.88
1,"121216CHE",720.00
2,"1/4128PIN",2.40
1,"121216OAK",3744.00
2,"1/4128WAL",4.32
1,"12124CHE",180.00
2,"1/4210ASH",0.70
1,"12124OAK",936.00
2,"1/4210BIR",0.60
1,"12128CHE",360.00
2,"1/4210PIN",0.50
1,"12128OAK",1872.00
2,"1/4210WAL",0.90
1,"1212CHE",6.00
2,"1/4212ASH",0.84
1,"1212OAK",31.20
2,"1/4212BIR",0.72
1,"1216CHE",8.00
2,"1/4212PIN",0.60
1,"1216OAK",41.60
2,"1/4212WAL",1.08
1,"12210CHE",75.00
2,"1/4216ASH",1.12
1,"12210OAK",390.00
2,"1/4216BIR",0.96
1,"12212CHE",90.00
2,"1/4216PIN",0.80
1,"12212OAK",468.00
2,"1/4216WAL",1.44
1,"12216CHE",120.00
2,"1/424ASH",0.28
1,"12216OAK",624.00
2,"1/424BIR",0.24
1,"1224CHE",30.00
2,"1/424PIN",0.20
1,"1224OAK",156.00
2,"1/424WAL",0.36
1,"1228CHE",60.00
2,"1/428ASH",0.56
1,"1228OAK",312.00
2,"1/428BIR",0.48
1,"12310CHE",112.50
2,"1/428PIN",0.40
1,"12310OAK",585.00
2,"1/428WAL",0.72
1,"12312CHE",135.00
2,"1/4310ASH",1.05
1,"12312OAK",702.00
2,"1/4310BIR",0.90
1,"12316CHE",180.00
2,"1/4310PIN",0.75
1,"12316OAK",936.00
2,"1/4310WAL",1.35
1,"1234CHE",45.00
2,"1/4312ASH",1.26
1,"1234OAK",234.00
2,"1/4312BIR",1.08
1,"1238CHE",90.00
2,"1/4312PIN",0.90
1,"1238OAK",468.00
2,"1/4312WAL",1.62
1,"12410CHE",150.00
2,"1/4316ASH",1.68
1,"12410OAK",780.00
2,"1/4316BIR",1.44
1,"12412CHE",180.00
2,"1/4316PIN",1.20
1,"12412OAK",936.00
2,"1/4316WAL",2.16
1,"12416CHE",240.00
2,"1/434ASH",0.42
1,"12416OAK",1248.00
2,"1/434BIR",0.36
1,"1244CHE",60.00
2,"1/434PIN",0.30
1,"1244OAK",312.00
2,"1/434WAL",0.54
1,"1248CHE",120.00
2,"1/438ASH",0.84
1,"1248OAK",624.00
2,"1/438BIR",0.72
1,"124CHE",2.00
2,"1/438PIN",0.60
1,"124OAK",10.40
2,"1/438WAL",1.08
1,"12610CHE",225.00
2,"1/4410ASH",1.40
1,"12610OAK",1170.00
2,"1/4410BIR",1.20
1,"12612CHE",270.00
2,"1/4410PIN",1.00
1,"12612OAK",1404.00
2,"1/4410WAL",1.80
1,"12616CHE",360.00
2,"1/4412ASH",1.68
1,"12616OAK",1872.00
2,"1/4412BIR",1.44
1,"1264CHE",90.00
2,"1/4412PIN",1.20
1,"1264OAK",468.00
2,"1/4412WAL",2.16
1,"1268CHE",180.00
2,"1/4416ASH",2.24
1,"1268OAK",936.00
2,"1/4416BIR",1.92
1,"12810CHE",300.00
2,"1/4416PIN",1.60
1,"12810OAK",1560.00
2,"1/4416WAL",2.88
1,"12812CHE",360.00
2,"1/444ASH",0.56
1,"12812OAK",1872.00
2,"1/444BIR",0.48
1,"12816CHE",480.00
2,"1/444PIN",0.40
1,"12816OAK",2496.00
2,"1/444WAL",0.72
1,"1284CHE",120.00
2,"1/448ASH",1.12
1,"1284OAK",624.00
2,"1/448BIR",0.96
1,"1288CHE",240.00
2,"1/448PIN",0.80
1,"1288OAK",1248.00
2,"1/448WAL",1.44
1,"128CHE",4.00
2,"1/4610ASH",2.10
1,"128OAK",20.80
2,"1/4610BIR",1.80
1,"1310CHE",7.50
2,"1/4610PIN",1.50
1,"1310CHY",16.50
2,"1/4610WAL",2.70
1,"1310OAK",39.00
2,"1/4612ASH",2.52
1,"1312CHE",9.00
2,"1/4612BIR",2.16
1,"1312OAK",46.80
2,"1/4612PIN",1.80
1,"1316CHE",12.00
2,"1/4612WAL",3.24
1,"1316OAK",62.40
2,"1/4616ASH",3.36
1,"134CHE",3.00
2,"1/4616BIR",2.88
1,"134OAK",15.60
2,"1/4616PIN",2.40
1,"138CHE",6.00
2,"1/4616WAL",4.32
1,"138OAK",31.20
2,"1/464ASH",0.84
1,"1410CHE",10.00
2,"1/464BIR",0.72
1,"1410OAK",52.00
2,"1/464PIN",0.60
1,"1412CHE",12.00
2,"1/464WAL",1.08
1,"1412OAK",62.40
2,"1/468ASH",1.68
1,"1416CHE",16.00
2,"1/468BIR",1.44
1,"1416OAK",83.20
2,"1/468PIN",1.20
1,"144CHE",4.00
2,"1/468WAL",2.16
1,"144OAK",20.80
2,"1/4810ASH",2.80
1,"148CHE",8.00
2,"1/4810BIR",2.40
1,"148OAK",41.60
2,"1/4810PIN",2.00
1,"1610CHE",15.00
2,"1/4810WAL",3.60
1,"1610OAK",78.00
2,"1/4812ASH",3.36
1,"1612CHE",18.00
2,"1/4812BIR",2.88
1,"1612OAK",93.60
2,"1/4812PIN",2.40
1,"1616CHE",24.00
2,"1/4812WAL",4.32
1,"1616OAK",124.80
2,"1/4816ASH",4.48
1,"164CHE",6.00
2,"1/4816BIR",3.84
1,"164OAK",31.20
2,"1/4816PIN",3.20
1,"168CHE",12.00
2,"1/4816WAL",5.76
1,"168OAK",62.40
2,"1/484ASH",1.12
1,"1810CHE",20.00
2,"1/484BIR",0.96
1,"1810OAK",104.00
2,"1/484PIN",0.80
1,"1812CHE",24.00
2,"1/484WAL",1.44
1,"1812OAK",124.80
2,"1/488ASH",2.24
1,"1816CHE",32.00
2,"1/488BIR",1.92
1,"1816OAK",166.40
2,"1/488PIN",1.60
1,"184CHE",8.00
2,"1/488WAL",2.88
1,"184OAK",41.60
2,"101010ASH",175.00
1,"188CHE",16.00
2,"101010BIR",150.00
1,"188OAK",83.20
2,"101010PIN",125.00
1,"21010CHE",50.00
2,"101010WAL",225.00
1,"21010OAK",260.00
2,"101012ASH",210.00
1,"21012CHE",60.00
2,"101012BIR",180.00
1,"21012OAK",312.00
2,"101012PIN",150.00
1,"21016CHE",80.00
2,"101012WAL",270.00
1,"21016OAK",416.00
2,"101016ASH",280.00
1,"2104CHE",20.00
2,"101016BIR",240.00
1,"2104OAK",104.00
2,"101016PIN",200.00
1,"2108CHE",40.00
2,"101016WAL",360.00
1,"2108OAK",208.00
2,"10104ASH",70.00
1,"21210CHE",60.00
2,"10104BIR",60.00
1,"21210OAK",312.00
2,"10104PIN",50.00
1,"21212CHE",72.00
2,"10104WAL",90.00
1,"21212OAK",374.40
2,"10108ASH",140.00
1,"21216CHE",96.00
2,"10108BIR",120.00
1,"21216OAK",499.20
2,"10108PIN",100.00
1,"2124CHE",24.00
2,"10108WAL",180.00
1,"2124OAK",124.80
2,"101210ASH",210.00
1,"2128CHE",48.00
2,"101210BIR",180.00
1,"2128OAK",249.60
2,"101210PIN",150.00
1,"2210CHE",10.00
2,"101210WAL",270.00
1,"2210CHY",22.00
2,"101212ASH",252.00
1,"2210OAK",52.00
2,"101212BIR",216.00
1,"2212CHE",12.00
2,"101212PIN",180.00
1,"2212OAK",62.40
2,"101212WAL",324.00
1,"2216CHE",16.00
2,"101216ASH",336.00
1,"2216OAK",83.20
2,"101216BIR",288.00
1,"224CHE",4.00
2,"101216PIN",240.00
1,"224OAK",20.80
2,"101216WAL",432.00
1,"228CHE",8.00
2,"10124ASH",84.00
1,"228OAK",41.60
2,"10124BIR",72.00
1,"2310CHE",15.00
2,"10124PIN",60.00
1,"2310OAK",78.00
2,"10124WAL",108.00
1,"2312CHE",18.00
2,"10128ASH",168.00
1,"2312OAK",93.60
2,"10128BIR",144.00
1,"2316CHE",24.00
2,"10128PIN",120.00
1,"2316OAK",124.80
2,"10128WAL",216.00
1,"234CHE",6.00
2,"10210ASH",35.00
1,"234OAK",31.20
2,"10210BIR",30.00
1,"238CHE",12.00
2,"10210PIN",25.00
1,"238OAK",62.40
2,"10210WAL",45.00
1,"2410CHE",20.00
2,"10212ASH",42.00
1,"2410OAK",104.00
2,"10212BIR",36.00
1,"2412CHE",24.00
2,"10212PIN",30.00
1,"2412OAK",124.80
2,"10212WAL",54.00
1,"2416CHE",32.00
2,"10216ASH",56.00
1,"2416OAK",166.40
2,"10216BIR",48.00
1,"244CHE",8.00
2,"10216PIN",40.00
1,"244OAK",41.60
2,"10216WAL",72.00
1,"248CHE",16.00
2,"1024ASH",14.00
1,"248OAK",83.20
2,"1024BIR",12.00
1,"2610CHE",30.00
2,"1024PIN",10.00
1,"2610OAK",156.00
2,"1024WAL",18.00
1,"2612CHE",36.00
2,"1028ASH",28.00
1,"2612OAK",187.20
2,"1028BIR",24.00
1,"2616CHE",48.00
2,"1028PIN",20.00
1,"2616OAK",249.60
2,"1028WAL",36.00
1,"264CHE",12.00
2,"10310ASH",52.50
1,"264OAK",62.40
2,"10310BIR",45.00
1,"268CHE",24.00
2,"10310PIN",37.50
1,"268OAK",124.80
2,"10310WAL",67.50
1,"2810CHE",40.00
2,"10312ASH",63.00
1,"2810OAK",208.00
2,"10312BIR",54.00
1,"2812CHE",48.00
2,"10312PIN",45.00
1,"2812OAK",249.60
2,"10312WAL",81.00
1,"2816CHE",64.00
2,"10316ASH",84.00
1,"2816OAK",332.80
2,"10316BIR",72.00
1,"284CHE",16.00
2,"10316PIN",60.00
1,"284OAK",83.20
2,"10316WAL",108.00
1,"288CHE",32.00
2,"1034ASH",21.00
1,"288OAK",166.40
2,"1034BIR",18.00
1,"3/41010CHE",18.75
2,"1034PIN",15.00
1,"3/41010OAK",487.50
2,"1034WAL",27.00
1,"3/41012CHE",22.50
2,"1038ASH",42.00
1,"3/41012OAK",585.00
2,"1038BIR",36.00
1,"3/41016CHE",30.00
2,"1038PIN",30.00
1,"3/41016OAK",780.00
2,"1038WAL",54.00
1,"3/4104CHE",7.50
2,"10410ASH",70.00
1,"3/4104OAK",195.00
2,"10410BIR",60.00
1,"3/4108CHE",15.00
2,"10410PIN",50.00
1,"3/4108OAK",390.00
2,"10410WAL",90.00
1,"3/41210CHE",22.50
2,"10412ASH",84.00
1,"3/41210OAK",585.00
2,"10412BIR",72.00
1,"3/41212CHE",27.00
2,"10412PIN",60.00
1,"3/41212OAK",702.00
2,"10412WAL",108.00
1,"3/41216CHE",36.00
2,"10416ASH",112.00
1,"3/41216OAK",936.00
2,"10416BIR",96.00
1,"3/4124CHE",9.00
2,"10416PIN",80.00
1,"3/4124OAK",234.00
2,"10416WAL",144.00
1,"3/4128CHE",18.00
2,"1044ASH",28.00
1,"3/4128OAK",468.00
2,"1044BIR",24.00
1,"3/4210CHE",3.75
2,"1044PIN",20.00
1,"3/4210OAK",97.50
2,"1044WAL",36.00
1,"3/4212CHE",4.50
2,"1048ASH",56.00
1,"3/4212OAK",117.00
2,"1048BIR",48.00
1,"3/4216CHE",6.00
2,"1048PIN",40.00
1,"3/4216OAK",156.00
2,"1048WAL",72.00
1,"3/424CHE",1.50
2,"10610ASH",105.00
1,"3/424OAK",39.00
2,"10610BIR",90.00
1,"3/428CHE",3.00
2,"10610PIN",75.00
1,"3/428OAK",78.00
2,"10610WAL",135.00
1,"3/4310CHE",5.63
2,"10612ASH",126.00
1,"3/4310OAK",146.25
2,"10612BIR",108.00
1,"3/4312CHE",6.75
2,"10612PIN",90.00
1,"3/4312OAK",175.50
2,"10612WAL",162.00
1,"3/4316CHE",9.00
2,"10616ASH",168.00
1,"3/4316OAK",234.00
2,"10616BIR",144.00
1,"3/434CHE",2.25
2,"10616PIN",120.00
1,"3/434OAK",58.50
2,"10616WAL",216.00
1,"3/438CHE",4.50
2,"1064ASH",42.00
1,"3/438OAK",117.00
2,"1064BIR",36.00
1,"3/4410CHE",7.50
2,"1064PIN",30.00
1,"3/4410CHY",82.50
2,"1064WAL",54.00
1,"3/4410OAK",195.00
2,"1068ASH",84.00
1,"3/4412CHE",9.00
2,"1068BIR",72.00
1,"3/4412OAK",234.00
2,"1068PIN",60.00
1,"3/4416CHE",12.00
2,"1068WAL",108.00
1,"3/4416OAK",312.00
2,"10810ASH",140.00
1,"3/444CHE",3.00
2,"10810BIR",120.00
1,"3/444OAK",78.00
2,"10810PIN",100.00
1,"3/448CHE",6.00
2,"10810WAL",180.00
1,"3/448OAK",156.00
2,"10812ASH",168.00
1,"3/4610CHE",11.25
2,"10812BIR",144.00
1,"3/4610OAK",292.50
2,"10812PIN",120.00
1,"3/4612CHE",13.50
2,"10812WAL",216.00
1,"3/4612OAK",351.00
2,"10816ASH",224.00
1,"3/4616CHE",18.00
2,"10816BIR",192.00
1,"3/4616OAK",468.00
2,"10816PIN",160.00
1,"3/464CHE",4.50
2,"10816WAL",288.00
1,"3/464OAK",117.00
2,"1084ASH",56.00
1,"3/468CHE",9.00
2,"1084BIR",48.00
1,"3/468OAK",234.00
2,"1084PIN",40.00
1,"3/4810CHE",15.00
2,"1084WAL",72.00
1,"3/4810OAK",390.00
2,"1088ASH",112.00
1,"3/4812CHE",18.00
2,"1088BIR",96.00
1,"3/4812OAK",468.00
2,"1088PIN",80.00
1,"3/4816CHE",24.00
2,"1088WAL",144.00
1,"3/4816OAK",624.00
2,"11010ASH",14.00
1,"3/484CHE",6.00
2,"11010BIR",12.00
1,"3/484OAK",156.00
2,"11010PIN",10.00
1,"3/488CHE",12.00
2,"11010WAL",18.00
1,"3/488OAK",312.00
2,"11012ASH",16.80
1,"3/81010CHE",9.38
2,"11012BIR",14.40
1,"3/81010OAK",97.50
2,"11012PIN",12.00
1,"3/81012CHE",11.25
2,"11012WAL",21.60
1,"3/81012OAK",117.00
2,"11016ASH",22.40
1,"3/81016CHE",15.00
2,"11016BIR",19.20
1,"3/81016OAK",156.00
2,"11016PIN",16.00
1,"3/8104CHE",3.75
2,"11016WAL",28.80
1,"3/8104OAK",39.00
2,"1104ASH",5.60
1,"3/8108CHE",7.50
2,"1104BIR",4.80
1,"3/8108OAK",78.00
2,"1104PIN",4.00
1,"3/81210CHE",11.25
2,"1104WAL",7.20
1,"3/81210OAK",117.00
2,"1108ASH",11.20
1,"3/81212CHE",13.50
2,"1108BIR",9.60
1,"3/81212OAK",140.40
2,"1108PIN",8.00
1,"3/81216CHE",18.00
2,"1108WAL",14.40
1,"3/81216OAK",187.20
2,"11210ASH",16.80
1,"3/8124CHE",4.50
2,"11210BIR",14.40
1,"3/8124OAK",46.80
2,"11210PIN",12.00
1,"3/8128CHE",9.00
2,"11210WAL",21.60
1,"3/8128OAK",93.60
2,"11212ASH",20.16
1,"3/8210CHE",1.88
2,"11212BIR",17.28
1,"3/8210OAK",19.50
2,"11212PIN",14.40
1,"3/8212CHE",2.25
2,"11212WAL",25.92
1,"3/8212OAK",23.40
2,"11216ASH",26.88
1,"3/8216CHE",3.00
2,"11216BIR",23.04
1,"3/8216OAK",31.20
2,"11216PIN",19.20
1,"3/824CHE",0.75
2,"11216WAL",34.56
1,"3/824OAK",7.80
2,"1124ASH",6.72
1,"3/828CHE",1.50
2,"1124BIR",5.76
1,"3/828OAK",15.60
2,"1124PIN",4.80
1,"3/8310CHE",2.81
2,"1124WAL",8.64
1,"3/8310OAK",29.25
2,"1128ASH",13.44
1,"3/8312CHE",3.38
2,"1128BIR",11.52
1,"3/8312OAK",35.10
2,"1128PIN",9.60
1,"3/8316CHE",4.50
2,"1128WAL",17.28
1,"3/8316OAK",46.80
2,"121010ASH",210.00
1,"3/834CHE",1.13
2,"121010BIR",180.00
1,"3/834OAK",11.70
2,"121010PIN",150.00
1,"3/838CHE",2.25
2,"121010WAL",270.00
1,"3/838OAK",23.40
2,"121012ASH",252.00
1,"3/8410CHE",3.75
2,"121012BIR",216.00
1,"3/8410OAK",39.00
2,"121012PIN",180.00
1,"3/8412CHE",4.50
2,"121012WAL",324.00
1,"3/8412OAK",46.80
2,"121016ASH",336.00
1,"3/8416CHE",6.00
2,"121016BIR",288.00
1,"3/8416OAK",62.40
2,"121016PIN",240.00
1,"3/844CHE",1.50
2,"121016WAL",432.00
1,"3/844OAK",15.60
2,"12104ASH",84.00
1,"3/848CHE",3.00
2,"12104BIR",72.00
1,"3/848OAK",31.20
2,"12104PIN",60.00
1,"3/8610CHE",5.63
2,"12104WAL",108.00
1,"3/8610OAK",58.50
2,"12108ASH",168.00
1,"3/8612CHE",6.75
2,"12108BIR",144.00
1,"3/8612OAK",70.20
2,"12108PIN",120.00
1,"3/8616CHE",9.00
2,"12108WAL",216.00
1,"3/8616OAK",93.60
2,"1210ASH",2.80
1,"3/864CHE",2.25
2,"1210BIR",2.40
1,"3/864OAK",23.40
2,"1210PIN",2.00
1,"3/868CHE",4.50
2,"1210WAL",3.60
1,"3/868OAK",46.80
2,"121210ASH",252.00
1,"3/8810CHE",7.50
2,"121210BIR",216.00
1,"3/8810OAK",78.00
2,"121210PIN",180.00
1,"3/8812CHE",9.00
2,"121210WAL",324.00
1,"3/8812OAK",93.60
2,"121212ASH",302.40
1,"3/8816CHE",12.00
2,"121212BIR",259.20
1,"3/8816OAK",124.80
2,"121212PIN",216.00
1,"3/884CHE",3.00
2,"121212WAL",388.80
1,"3/884OAK",31.20
2,"121216ASH",403.20
1,"3/888CHE",6.00
2,"121216BIR",345.60
1,"3/888OAK",62.40
2,"121216PIN",288.00
1,"41010CHE",125.00
2,"121216WAL",518.40
1,"41010OAK",650.00
2,"12124ASH",100.80
1,"41012CHE",150.00
2,"12124BIR",86.40
1,"41012OAK",780.00
2,"12124PIN",72.00
1,"41016CHE",200.00
2,"12124WAL",129.60
1,"41016OAK",1040.00
2,"12128ASH",201.60
1,"4104CHE",50.00
2,"12128BIR",172.80
1,"4104OAK",260.00
2,"12128PIN",144.00
1,"4108CHE",100.00
2,"12128WAL",259.20
1,"4108OAK",520.00
2,"1212ASH",3.36
1,"41210CHE",150.00
2,"1212BIR",2.88
1,"41210OAK",780.00
2,"1212PIN",2.40
1,"41212CHE",180.00
2,"1212WAL",4.32
1,"41212OAK",936.00
2,"1216ASH",4.48
1,"41216CHE",240.00
2,"1216BIR",3.84
1,"41216OAK",1248.00
2,"1216PIN",3.20
1,"4124CHE",60.00
2,"1216WAL",5.76
1,"4124OAK",312.00
2,"12210ASH",42.00
1,"4128CHE",120.00
2,"12210BIR",36.00
1,"4128OAK",624.00
2,"12210PIN",30.00
1,"4210CHE",25.00
2,"12210WAL",54.00
1,"4210OAK",130.00
2,"12212ASH",50.40
1,"4212CHE",30.00
2,"12212BIR",43.20
1,"4212OAK",156.00
2,"12212PIN",36.00
1,"4216CHE",40.00
2,"12212WAL",64.80
1,"4216OAK",208.00
2,"12216ASH",67.20
1,"424CHE",10.00
2,"12216BIR",57.60
1,"424OAK",52.00
2,"12216PIN",48.00
1,"428CHE",20.00
2,"12216WAL",86.40
1,"428OAK",104.00
2,"1224ASH",16.80
1,"4310CHE",37.50
2,"1224BIR",14.40
1,"4310OAK",195.00
2,"1224PIN",12.00
1,"4312CHE",45.00
2,"1224WAL",21.60
1,"4312OAK",234.00
2,"1228ASH",33.60
1,"4316CHE",60.00
2,"1228BIR",28.80
1,"4316OAK",312.00
2,"1228PIN",24.00
1,"434CHE",15.00
2,"1228WAL",43.20
1,"434OAK",78.00
2,"12310ASH",63.00
1,"438CHE",30.00
2,"12310BIR",54.00
1,"438OAK",156.00
2,"12310PIN",45.00
1,"4410CHE",50.00
2,"12310WAL",81.00
1,"4410OAK",260.00
2,"12312ASH",75.60
1,"4412CHE",60.00
2,"12312BIR",64.80
1,"4412OAK",312.00
2,"12312PIN",54.00
1,"4416CHE",80.00
2,"12312WAL",97.20
1,"4416OAK",416.00
2,"12316ASH",100.80
1,"444CHE",20.00
2,"12316BIR",86.40
1,"444OAK",104.00
2,"12316PIN",72.00
1,"448CHE",40.00
2,"12316WAL",129.60
1,"448OAK",208.00
2,"1234ASH",25.20
1,"4610CHE",75.00
2,"1234BIR",21.60
1,"4610OAK",390.00
2,"1234PIN",18.00
1,"4612CHE",90.00
2,"1234WAL",32.40
1,"4612OAK",468.00
2,"1238ASH",50.40
1,"4616CHE",120.00
2,"1238BIR",43.20
1,"4616OAK",624.00
2,"1238PIN",36.00
1,"464CHE",30.00
2,"1238WAL",64.80
1,"464OAK",156.00
2,"12410ASH",84.00
1,"468CHE",60.00
2,"12410BIR",72.00
1,"468OAK",312.00
2,"12410PIN",60.00
1,"4810CHE",100.00
2,"12410WAL",108.00
1,"4810OAK",520.00
2,"12412ASH",100.80
1,"4812CHE",120.00
2,"12412BIR",86.40
1,"4812OAK",624.00
2,"12412PIN",72.00
1,"4816CHE",160.00
2,"12412WAL",129.60
1,"4816OAK",832.00
2,"12416ASH",134.40
1,"484CHE",40.00
2,"12416BIR",115.20
1,"484OAK",208.00
2,"12416PIN",96.00
1,"488CHE",80.00
2,"12416WAL",172.80
1,"488OAK",416.00
2,"1244ASH",33.60
1,"5/41010CHE",31.25
2,"1244BIR",28.80
1,"5/41010OAK",162.50
2,"1244PIN",24.00
1,"5/41012CHE",37.50
2,"1244WAL",43.20
1,"5/41012OAK",195.00
2,"1248ASH",67.20
1,"5/41016CHE",50.00
2,"1248BIR",57.60
1,"5/41016OAK",260.00
2,"1248PIN",48.00
1,"5/4104CHE",12.50
2,"1248WAL",86.40
1,"5/4104OAK",65.00
2,"124ASH",1.12
1,"5/4108CHE",25.00
2,"124BIR",0.96
1,"5/4108OAK",130.00
2,"124PIN",0.80
1,"5/41210CHE",37.50
2,"124WAL",1.44
1,"5/41210OAK",195.00
2,"12610ASH",126.00
1,"5/41212CHE",45.00
2,"12610BIR",108.00
1,"5/41212OAK",234.00
2,"12610PIN",90.00
1,"5/41216CHE",60.00
2,"12610WAL",162.00
1,"5/41216OAK",312.00
2,"12612ASH",151.20
1,"5/4124CHE",15.00
2,"12612BIR",129.60
1,"5/4124OAK",78.00
2,"12612PIN",108.00
1,"5/4128CHE",30.00
2,"12612WAL",194.40
1,"5/4128OAK",156.00
2,"12616ASH",201.60
1,"5/4210CHE",6.25
2,"12616BIR",172.80
1,"5/4210OAK",32.50
2,"12616PIN",144.00
1,"5/4212CHE",7.50
2,"12616WAL",259.20
1,"5/4212OAK",39.00
2,"1264ASH",50.40
1,"5/4216CHE",10.00
2,"1264BIR",43.20
1,"5/4216OAK",52.00
2,"1264PIN",36.00
1,"5/424CHE",2.50
2,"1264WAL",64.80
1,"5/424OAK",13.00
2,"1268ASH",100.80
1,"5/428CHE",5.00
2,"1268BIR",86.40
1,"5/428OAK",26.00
2,"1268PIN",72.00
1,"5/4310CHE",9.38
2,"1268WAL",129.60
1,"5/4310OAK",48.75
2,"12810ASH",168.00
1,"5/4312CHE",11.25
2,"12810BIR",144.00
1,"5/4312OAK",58.50
2,"12810PIN",120.00
1,"5/4316CHE",15.00
2,"12810WAL",216.00
1,"5/4316OAK",78.00
2,"12812ASH",201.60
1,"5/434CHE",3.75
2,"12812BIR",172.80
1,"5/434OAK",19.50
2,"12812PIN",144.00
1,"5/438CHE",7.50
2,"12812WAL",259.20
1,"5/438OAK",39.00
2,"12816ASH",268.80
1,"5/4410CHE",12.50
2,"12816BIR",230.40
1,"5/4410OAK",65.00
2,"12816PIN",192.00
1,"5/4412CHE",15.00
2,"12816WAL",345.60
1,"5/4412OAK",78.00
2,"1284ASH",67.20
1,"5/4416CHE",20.00
2,"1284BIR",57.60
1,"5/4416OAK",104.00
2,"1284PIN",48.00
1,"5/444CHE",5.00
2,"1284WAL",86.40
1,"5/444OAK",26.00
2,"1288ASH",134.40
1,"5/448CHE",10.00
2,"1288BIR",115.20
1,"5/448OAK",52.00
2,"1288PIN",96.00
1,"5/4610CHE",18.75
2,"1288WAL",172.80
1,"5/4610OAK",97.50
2,"128ASH",2.24
1,"5/4612CHE",22.50
2,"128BIR",1.92
1,"5/4612OAK",117.00
2,"128PIN",1.60
1,"5/4616CHE",30.00
2,"128WAL",2.88
1,"5/4616OAK",156.00
2,"1310ASH",4.20
1,"5/464CHE",7.50
2,"1310BIR",3.60
1,"5/464OAK",39.00
2,"1310PIN",3.00
1,"5/468CHE",15.00
2,"1310WAL",5.40
1,"5/468OAK",78.00
2,"1312ASH",5.04
1,"5/4810CHE",25.00
2,"1312BIR",4.32
1,"5/4810OAK",130.00
2,"1312PIN",3.60
1,"5/4812CHE",30.00
2,"1312WAL",6.48
1,"5/4812OAK",156.00
2,"1316ASH",6.72
1,"5/4816CHE",40.00
2,"1316BIR",5.76
1,"5/4816OAK",208.00
2,"1316Brch",23.04
1,"5/484CHE",10.00
2,"1316PIN",4.80
1,"5/484OAK",52.00
2,"1316WAL",8.64
1,"5/488CHE",20.00
2,"134ASH",1.68
1,"5/488OAK",104.00
2,"134BIR",1.44
1,"5/81010CHE",14.38
2,"134PIN",1.20
1,"5/81010OAK",299.00
2,"134WAL",2.16
1,"5/81012CHE",17.25
2,"138ASH",3.36
1,"5/81012OAK",358.80
2,"138BIR",2.88
1,"5/81016CHE",23.00
2,"138PIN",2.40
1,"5/81016OAK",478.40
2,"138WAL",4.32
1,"5/8104CHE",5.75
2,"1410ASH",5.60
1,"5/8104OAK",119.60
2,"1410BIR",4.80
1,"5/8108CHE",11.50
2,"1410PIN",4.00
1,"5/8108OAK",239.20
2,"1410WAL",7.20
1,"5/81210CHE",17.25
2,"1412ASH",6.72
1,"5/81210OAK",358.80
2,"1412BIR",5.76
1,"5/81212CHE",20.70
2,"1412PIN",4.80
1,"5/81212OAK",430.56
2,"1412WAL",8.64
1,"5/81216CHE",27.60
2,"1416ASH",8.96
1,"5/81216OAK",574.08
2,"1416BIR",7.68
1,"5/8124CHE",6.90
2,"1416PIN",6.40
1,"5/8124OAK",143.52
2,"1416WAL",11.52
1,"5/8128CHE",13.80
2,"144ASH",2.24
1,"5/8128OAK",287.04
2,"144BIR",1.92
1,"5/8210CHE",2.88
2,"144PIN",1.60
1,"5/8210OAK",59.80
2,"144WAL",2.88
1,"5/8212CHE",3.45
2,"148ASH",4.48
1,"5/8212OAK",71.76
2,"148BIR",3.84
1,"5/8216CHE",4.60
2,"148PIN",3.20
1,"5/8216OAK",95.68
2,"148WAL",5.76
1,"5/824CHE",1.15
2,"1610ASH",8.40
1,"5/824OAK",23.92
2,"1610BIR",7.20
1,"5/828CHE",2.30
2,"1610PIN",6.00
1,"5/828OAK",47.84
2,"1610WAL",10.80
1,"5/8310CHE",4.31
2,"1612ASH",10.08
1,"5/8310OAK",89.70
2,"1612BIR",8.64
1,"5/8312CHE",5.18
2,"1612PIN",7.20
1,"5/8312OAK",107.64
2,"1612WAL",12.96
1,"5/8316CHE",6.90
2,"1616ASH",13.44
1,"5/8316OAK",143.52
2,"1616BIR",11.52
1,"5/834CHE",1.73
2,"1616PIN",9.60
1,"5/834OAK",35.88
2,"1616WAL",17.28
1,"5/838CHE",3.45
2,"164ASH",3.36
1,"5/838OAK",71.76
2,"164BIR",2.88
1,"5/8410CHE",5.75
2,"164PIN",2.40
1,"5/8410OAK",119.60
2,"164WAL",4.32
1,"5/8412CHE",6.90
2,"168ASH",6.72
1,"5/8412OAK",143.52
2,"168BIR",5.76
1,"5/8416CHE",9.20
2,"168PIN",4.80
1,"5/8416OAK",191.36
2,"168WAL",8.64
1,"5/844CHE",2.30
2,"1810ASH",11.20
1,"5/844OAK",47.84
2,"1810BIR",9.60
1,"5/848CHE",4.60
2,"1810PIN",8.00
1,"5/848OAK",95.68
2,"1810WAL",14.40
1,"5/8610CHE",8.63
2,"1812ASH",13.44
1,"5/8610OAK",179.40
2,"1812BIR",11.52
1,"5/8612CHE",10.35
2,"1812PIN",9.60
1,"5/8612OAK",215.28
2,"1812WAL",17.28
1,"5/8616CHE",13.80
2,"1816ASH",17.92
1,"5/8616OAK",287.04
2,"1816BIR",15.36
1,"5/864CHE",3.45
2,"1816PIN",12.80
1,"5/864OAK",71.76
2,"1816WAL",23.04
1,"5/868CHE",6.90
2,"184ASH",4.48
1,"5/868OAK",143.52
2,"184BIR",3.84
1,"5/8810CHE",11.50
2,"184PIN",3.20
1,"5/8810OAK",239.20
2,"184WAL",5.76
1,"5/8812CHE",13.80
2,"188ASH",8.96
1,"5/8812OAK",287.04
2,"188BIR",7.68
1,"5/8816CHE",18.40
2,"188PIN",6.40
1,"5/8816OAK",382.72
2,"188WAL",11.52
1,"5/884CHE",4.60
2,"21010ASH",28.00
1,"5/884OAK",95.68
2,"21010BIR",24.00
1,"5/888CHE",9.20
2,"21010PIN",20.00
1,"5/888OAK",191.36
2,"21010WAL",36.00
1,"61010CHE",187.50
2,"21012ASH",33.60
1,"61010OAK",975.00
2,"21012BIR",28.80
1,"61012CHE",225.00
2,"21012PIN",24.00
1,"61012OAK",1170.00
2,"21012WAL",43.20
1,"61016CHE",300.00
2,"21016ASH",44.80
1,"61016OAK",1560.00
2,"21016BIR",38.40
1,"6104CHE",75.00
2,"21016PIN",32.00
1,"6104OAK",390.00
2,"21016WAL",57.60
1,"6108CHE",150.00
2,"2104ASH",11.20
1,"6108OAK",780.00
2,"2104BIR",9.60
1,"61210CHE",225.00
2,"2104PIN",8.00
1,"61210OAK",1170.00
2,"2104WAL",14.40
1,"61212CHE",270.00
2,"2108ASH",22.40
1,"61212OAK",1404.00
2,"2108BIR",19.20
1,"61216CHE",360.00
2,"2108PIN",16.00
1,"61216OAK",1872.00
2,"2108WAL",28.80
1,"6124CHE",90.00
2,"21210ASH",33.60
1,"6124OAK",468.00
2,"21210BIR",28.80
1,"6128CHE",180.00
2,"21210PIN",24.00
1,"6128OAK",936.00
2,"21210WAL",43.20
1,"6210CHE",37.50
2,"21212ASH",40.32
1,"6210OAK",195.00
2,"21212BIR",34.56
1,"6212CHE",45.00
2,"21212PIN",28.80
1,"6212OAK",234.00
2,"21212WAL",51.84
1,"6216CHE",60.00
2,"21216ASH",53.76
1,"6216OAK",312.00
2,"21216BIR",46.08
1,"624CHE",15.00
2,"21216PIN",38.40
1,"624OAK",78.00
2,"21216WAL",69.12
1,"628CHE",30.00
2,"2124ASH",13.44
1,"628OAK",156.00
2,"2124BIR",11.52
1,"6310CHE",56.25
2,"2124PIN",9.60
1,"6310OAK",292.50
2,"2124WAL",17.28
1,"6312CHE",67.50
2,"2128ASH",26.88
1,"6312OAK",351.00
2,"2128BIR",23.04
1,"6316CHE",90.00
2,"2128PIN",19.20
1,"6316OAK",468.00
2,"2128WAL",34.56
1,"634CHE",22.50
2,"2210ASH",5.60
1,"634OAK",117.00
2,"2210BIR",4.80
1,"638CHE",45.00
2,"2210Brch",19.20
1,"638OAK",234.00
2,"2210PIN",4.00
1,"6410CHE",75.00
2,"2210WAL",7.20
1,"6410OAK",390.00
2,"2212ASH",6.72
1,"6412CHE",90.00
2,"2212BIR",5.76
1,"6412OAK",468.00
2,"2212PIN",4.80
1,"6416CHE",120.00
2,"2212WAL",8.64
1,"6416OAK",624.00
2,"2216ASH",8.96
1,"644CHE",30.00
2,"2216BIR",7.68
1,"644OAK",156.00
2,"2216PIN",6.40
1,"648CHE",60.00
2,"2216WAL",11.52
1,"648OAK",312.00
2,"224ASH",2.24
1,"6610CHE",112.50
2,"224BIR",1.92
1,"6610OAK",585.00
2,"224PIN",1.60
1,"6612CHE",135.00
2,"224WAL",2.88
1,"6612OAK",702.00
2,"228ASH",4.48
1,"6616CHE",180.00
2,"228BIR",3.84
1,"6616OAK",936.00
2,"228PIN",3.20
1,"664CHE",45.00
2,"228WAL",5.76
1,"664OAK",234.00
2,"2310ASH",8.40
1,"668CHE",90.00
2,"2310BIR",7.20
1,"668OAK",468.00
2,"2310PIN",6.00
1,"6810CHE",150.00
2,"2310WAL",10.80
1,"6810OAK",780.00
2,"2312ASH",10.08
1,"6812CHE",180.00
2,"2312BIR",8.64
1,"6812OAK",936.00
2,"2312PIN",7.20
1,"6816CHE",240.00
2,"2312WAL",12.96
1,"6816OAK",1248.00
2,"2316ASH",13.44
1,"684CHE",60.00
2,"2316BIR",11.52
1,"684OAK",312.00
2,"2316PIN",9.60
1,"688CHE",120.00
2,"2316WAL",17.28
1,"688OAK",624.00
2,"234ASH",3.36
2,"234BIR",2.88
2,"234PIN",2.40
2,"234WAL",4.32
2,"238ASH",6.72
2,"238BIR",5.76
2,"238PIN",4.80
2,"238WAL",8.64
2,"2410ASH",11.20
2,"2410BIR",9.60
2,"2410PIN",8.00
2,"2410WAL",14.40
2,"2412ASH",13.44
2,"2412BIR",11.52
2,"2412PIN",9.60
2,"2412WAL",17.28
2,"2416ASH",17.92
2,"2416BIR",15.36
2,"2416PIN",12.80
2,"2416WAL",23.04
2,"244ASH",4.48
2,"244BIR",3.84
2,"244PIN",3.20
2,"244WAL",5.76
2,"248ASH",8.96
2,"248BIR",7.68
2,"248PIN",6.40
2,"248WAL",11.52
2,"2610ASH",16.80
2,"2610BIR",14.40
2,"2610PIN",12.00
2,"2610WAL",21.60
2,"2612ASH",20.16
2,"2612BIR",17.28
2,"2612PIN",14.40
2,"2612WAL",25.92
2,"2616ASH",26.88
2,"2616BIR",23.04
2,"2616PIN",19.20
2,"2616WAL",34.56
2,"264ASH",6.72
2,"264BIR",5.76
2,"264PIN",4.80
2,"264WAL",8.64
2,"268ASH",13.44
2,"268BIR",11.52
2,"268PIN",9.60
2,"268WAL",17.28
2,"2810ASH",22.40
2,"2810BIR",19.20
2,"2810PIN",16.00
2,"2810WAL",28.80
2,"2812ASH",26.88
2,"2812BIR",23.04
2,"2812PIN",19.20
2,"2812WAL",34.56
2,"2816ASH",35.84
2,"2816BIR",30.72
2,"2816PIN",25.60
2,"2816WAL",46.08
2,"284ASH",8.96
2,"284BIR",7.68
2,"284PIN",6.40
2,"284WAL",11.52
2,"288ASH",17.92
2,"288BIR",15.36
2,"288PIN",12.80
2,"288WAL",23.04
2,"3/41010ASH",10.50
2,"3/41010BIR",9.00
2,"3/41010PIN",7.50
2,"3/41010WAL",13.50
2,"3/41012ASH",12.60
2,"3/41012BIR",10.80
2,"3/41012PIN",9.00
2,"3/41012WAL",16.20
2,"3/41016ASH",16.80
2,"3/41016BIR",14.40
2,"3/41016PIN",12.00
2,"3/41016WAL",21.60
2,"3/4104ASH",4.20
2,"3/4104BIR",3.60
2,"3/4104PIN",3.00
2,"3/4104WAL",5.40
2,"3/4108ASH",8.40
2,"3/4108BIR",7.20
2,"3/4108PIN",6.00
2,"3/4108WAL",10.80
2,"3/41210ASH",12.60
2,"3/41210BIR",10.80
2,"3/41210PIN",9.00
2,"3/41210WAL",16.20
2,"3/41212ASH",15.12
2,"3/41212BIR",12.96
2,"3/41212PIN",10.80
2,"3/41212WAL",19.44
2,"3/41216ASH",20.16
2,"3/41216BIR",17.28
2,"3/41216PIN",14.40
2,"3/41216WAL",25.92
2,"3/4124ASH",5.04
2,"3/4124BIR",4.32
2,"3/4124PIN",3.60
2,"3/4124WAL",6.48
2,"3/4128ASH",10.08
2,"3/4128BIR",8.64
2,"3/4128PIN",7.20
2,"3/4128WAL",12.96
2,"3/4210ASH",2.10
2,"3/4210BIR",1.80
2,"3/4210PIN",1.50
2,"3/4210WAL",2.70
2,"3/4212ASH",2.52
2,"3/4212BIR",2.16
2,"3/4212PIN",1.80
2,"3/4212WAL",3.24
2,"3/4216ASH",3.36
2,"3/4216BIR",2.88
2,"3/4216PIN",2.40
2,"3/4216WAL",4.32
2,"3/424ASH",0.84
2,"3/424BIR",0.72
2,"3/424PIN",0.60
2,"3/424WAL",1.08
2,"3/428ASH",1.68
2,"3/428BIR",1.44
2,"3/428PIN",1.20
2,"3/428WAL",2.16
2,"3/4310ASH",3.15
2,"3/4310BIR",2.70
2,"3/4310PIN",2.25
2,"3/4310WAL",4.05
2,"3/4312ASH",3.78
2,"3/4312BIR",3.24
2,"3/4312PIN",2.70
2,"3/4312WAL",4.86
2,"3/4316ASH",5.04
2,"3/4316BIR",4.32
2,"3/4316PIN",3.60
2,"3/4316WAL",6.48
2,"3/434ASH",1.26
2,"3/434BIR",1.08
2,"3/434PIN",0.90
2,"3/434WAL",1.62
2,"3/438ASH",2.52
2,"3/438BIR",2.16
2,"3/438PIN",1.80
2,"3/438WAL",3.24
2,"3/4410ASH",4.20
2,"3/4410BIR",3.60
2,"3/4410PIN",3.00
2,"3/4410WAL",5.40
2,"3/4412ASH",5.04
2,"3/4412BIR",4.32
2,"3/4412PIN",3.60
2,"3/4412WAL",6.48
2,"3/4416ASH",6.72
2,"3/4416BIR",5.76
2,"3/4416Brch",115.20
2,"3/4416PIN",4.80
2,"3/4416WAL",8.64
2,"3/444ASH",1.68
2,"3/444BIR",1.44
2,"3/444PIN",1.20
2,"3/444WAL",2.16
2,"3/448ASH",3.36
2,"3/448BIR",2.88
2,"3/448PIN",2.40
2,"3/448WAL",4.32
2,"3/4610ASH",6.30
2,"3/4610BIR",5.40
2,"3/4610PIN",4.50
2,"3/4610WAL",8.10
2,"3/4612ASH",7.56
2,"3/4612BIR",6.48
2,"3/4612PIN",5.40
2,"3/4612WAL",9.72
2,"3/4616ASH",10.08
2,"3/4616BIR",8.64
2,"3/4616PIN",7.20
2,"3/4616WAL",12.96
2,"3/464ASH",2.52
2,"3/464BIR",2.16
2,"3/464PIN",1.80
2,"3/464WAL",3.24
2,"3/468ASH",5.04
2,"3/468BIR",4.32
2,"3/468PIN",3.60
2,"3/468WAL",6.48
2,"3/4810ASH",8.40
2,"3/4810BIR",7.20
2,"3/4810PIN",6.00
2,"3/4810WAL",10.80
2,"3/4812ASH",10.08
2,"3/4812BIR",8.64
2,"3/4812PIN",7.20
2,"3/4812WAL",12.96
2,"3/4816ASH",13.44
2,"3/4816BIR",11.52
2,"3/4816PIN",9.60
2,"3/4816WAL",17.28
2,"3/484ASH",3.36
2,"3/484BIR",2.88
2,"3/484PIN",2.40
2,"3/484WAL",4.32
2,"3/488ASH",6.72
2,"3/488BIR",5.76
2,"3/488PIN",4.80
2,"3/488WAL",8.64
2,"3/81010ASH",5.25
2,"3/81010BIR",4.50
2,"3/81010PIN",3.75
2,"3/81010WAL",6.75
2,"3/81012ASH",6.30
2,"3/81012BIR",5.40
2,"3/81012PIN",4.50
2,"3/81012WAL",8.10
2,"3/81016ASH",8.40
2,"3/81016BIR",7.20
2,"3/81016PIN",6.00
2,"3/81016WAL",10.80
2,"3/8104ASH",2.10
2,"3/8104BIR",1.80
2,"3/8104PIN",1.50
2,"3/8104WAL",2.70
2,"3/8108ASH",4.20
2,"3/8108BIR",3.60
2,"3/8108PIN",3.00
2,"3/8108WAL",5.40
2,"3/81210ASH",6.30
2,"3/81210BIR",5.40
2,"3/81210PIN",4.50
2,"3/81210WAL",8.10
2,"3/81212ASH",7.56
2,"3/81212BIR",6.48
2,"3/81212PIN",5.40
2,"3/81212WAL",9.72
2,"3/81216ASH",10.08
2,"3/81216BIR",8.64
2,"3/81216PIN",7.20
2,"3/81216WAL",12.96
2,"3/8124ASH",2.52
2,"3/8124BIR",2.16
2,"3/8124PIN",1.80
2,"3/8124WAL",3.24
2,"3/8128ASH",5.04
2,"3/8128BIR",4.32
2,"3/8128PIN",3.60
2,"3/8128WAL",6.48
2,"3/8210ASH",1.05
2,"3/8210BIR",0.90
2,"3/8210PIN",0.75
2,"3/8210WAL",1.35
2,"3/8212ASH",1.26
2,"3/8212BIR",1.08
2,"3/8212PIN",0.90
2,"3/8212WAL",1.62
2,"3/8216ASH",1.68
2,"3/8216BIR",1.44
2,"3/8216PIN",1.20
2,"3/8216WAL",2.16
2,"3/824ASH",0.42
2,"3/824BIR",0.36
2,"3/824PIN",0.30
2,"3/824WAL",0.54
2,"3/828ASH",0.84
2,"3/828BIR",0.72
2,"3/828PIN",0.60
2,"3/828WAL",1.08
2,"3/8310ASH",1.58
2,"3/8310BIR",1.35
2,"3/8310PIN",1.13
2,"3/8310WAL",2.03
2,"3/8312ASH",1.89
2,"3/8312BIR",1.62
2,"3/8312PIN",1.35
2,"3/8312WAL",2.43
2,"3/8316ASH",2.52
2,"3/8316BIR",2.16
2,"3/8316PIN",1.80
2,"3/8316WAL",3.24
2,"3/834ASH",0.63
2,"3/834BIR",0.54
2,"3/834PIN",0.45
2,"3/834WAL",0.81
2,"3/838ASH",1.26
2,"3/838BIR",1.08
2,"3/838PIN",0.90
2,"3/838WAL",1.62
2,"3/8410ASH",2.10
2,"3/8410BIR",1.80
2,"3/8410PIN",1.50
2,"3/8410WAL",2.70
2,"3/8412ASH",2.52
2,"3/8412BIR",2.16
2,"3/8412PIN",1.80
2,"3/8412WAL",3.24
2,"3/8416ASH",3.36
2,"3/8416BIR",2.88
2,"3/8416PIN",2.40
2,"3/8416WAL",4.32
2,"3/844ASH",0.84
2,"3/844BIR",0.72
2,"3/844PIN",0.60
2,"3/844WAL",1.08
2,"3/848ASH",1.68
2,"3/848BIR",1.44
2,"3/848PIN",1.20
2,"3/848WAL",2.16
2,"3/8610ASH",3.15
2,"3/8610BIR",2.70
2,"3/8610PIN",2.25
2,"3/8610WAL",4.05
2,"3/8612ASH",3.78
2,"3/8612BIR",3.24
2,"3/8612PIN",2.70
2,"3/8612WAL",4.86
2,"3/8616ASH",5.04
2,"3/8616BIR",4.32
2,"3/8616PIN",3.60
2,"3/8616WAL",6.48
2,"3/864ASH",1.26
2,"3/864BIR",1.08
2,"3/864PIN",0.90
2,"3/864WAL",1.62
2,"3/868ASH",2.52
2,"3/868BIR",2.16
2,"3/868PIN",1.80
2,"3/868WAL",3.24
2,"3/8810ASH",4.20
2,"3/8810BIR",3.60
2,"3/8810PIN",3.00
2,"3/8810WAL",5.40
2,"3/8812ASH",5.04
2,"3/8812BIR",4.32
2,"3/8812PIN",3.60
2,"3/8812WAL",6.48
2,"3/8816ASH",6.72
2,"3/8816BIR",5.76
2,"3/8816PIN",4.80
2,"3/8816WAL",8.64
2,"3/884ASH",1.68
2,"3/884BIR",1.44
2,"3/884PIN",1.20
2,"3/884WAL",2.16
2,"3/888ASH",3.36
2,"3/888BIR",2.88
2,"3/888PIN",2.40
2,"3/888WAL",4.32
2,"41010ASH",70.00
2,"41010BIR",60.00
2,"41010PIN",50.00
2,"41010WAL",90.00
2,"41012ASH",84.00
2,"41012BIR",72.00
2,"41012PIN",60.00
2,"41012WAL",108.00
2,"41016ASH",112.00
2,"41016BIR",96.00
2,"41016PIN",80.00
2,"41016WAL",144.00
2,"4104ASH",28.00
2,"4104BIR",24.00
2,"4104PIN",20.00
2,"4104WAL",36.00
2,"4108ASH",56.00
2,"4108BIR",48.00
2,"4108PIN",40.00
2,"4108WAL",72.00
2,"41210ASH",84.00
2,"41210BIR",72.00
2,"41210PIN",60.00
2,"41210WAL",108.00
2,"41212ASH",100.80
2,"41212BIR",86.40
2,"41212PIN",72.00
2,"41212WAL",129.60
2,"41216ASH",134.40
2,"41216BIR",115.20
2,"41216PIN",96.00
2,"41216WAL",172.80
2,"4124ASH",33.60
2,"4124BIR",28.80
2,"4124PIN",24.00
2,"4124WAL",43.20
2,"4128ASH",67.20
2,"4128BIR",57.60
2,"4128PIN",48.00
2,"4128WAL",86.40
2,"4210ASH",14.00
2,"4210BIR",12.00
2,"4210PIN",10.00
2,"4210WAL",18.00
2,"4212ASH",16.80
2,"4212BIR",14.40
2,"4212PIN",12.00
2,"4212WAL",21.60
2,"4216ASH",22.40
2,"4216BIR",19.20
2,"4216PIN",16.00
2,"4216WAL",28.80
2,"424ASH",5.60
2,"424BIR",4.80
2,"424PIN",4.00
2,"424WAL",7.20
2,"428ASH",11.20
2,"428BIR",9.60
2,"428PIN",8.00
2,"428WAL",14.40
2,"4310ASH",21.00
2,"4310BIR",18.00
2,"4310PIN",15.00
2,"4310WAL",27.00
2,"4312ASH",25.20
2,"4312BIR",21.60
2,"4312PIN",18.00
2,"4312WAL",32.40
2,"4316ASH",33.60
2,"4316BIR",28.80
2,"4316PIN",24.00
2,"4316WAL",43.20
2,"434ASH",8.40
2,"434BIR",7.20
2,"434PIN",6.00
2,"434WAL",10.80
2,"438ASH",16.80
2,"438BIR",14.40
2,"438PIN",12.00
2,"438WAL",21.60
2,"4410ASH",28.00
2,"4410BIR",24.00
2,"4410PIN",20.00
2,"4410WAL",36.00
2,"4412ASH",33.60
2,"4412BIR",28.80
2,"4412PIN",24.00
2,"4412WAL",43.20
2,"4416ASH",44.80
2,"4416BIR",38.40
2,"4416PIN",32.00
2,"4416WAL",57.60
2,"444ASH",11.20
2,"444BIR",9.60
2,"444PIN",8.00
2,"444WAL",14.40
2,"448ASH",22.40
2,"448BIR",19.20
2,"448PIN",16.00
2,"448WAL",28.80
2,"4610ASH",42.00
2,"4610BIR",36.00
2,"4610PIN",30.00
2,"4610WAL",54.00
2,"4612ASH",50.40
2,"4612BIR",43.20
2,"4612PIN",36.00
2,"4612WAL",64.80
2,"4616ASH",67.20
2,"4616BIR",57.60
2,"4616PIN",48.00
2,"4616WAL",86.40
2,"464ASH",16.80
2,"464BIR",14.40
2,"464PIN",12.00
2,"464WAL",21.60
2,"468ASH",33.60
2,"468BIR",28.80
2,"468PIN",24.00
2,"468WAL",43.20
2,"4810ASH",56.00
2,"4810BIR",48.00
2,"4810PIN",40.00
2,"4810WAL",72.00
2,"4812ASH",67.20
2,"4812BIR",57.60
2,"4812PIN",48.00
2,"4812WAL",86.40
2,"4816ASH",89.60
2,"4816BIR",76.80
2,"4816PIN",64.00
2,"4816WAL",115.20
2,"484ASH",22.40
2,"484BIR",19.20
2,"484PIN",16.00
2,"484WAL",28.80
2,"488ASH",44.80
2,"488BIR",38.40
2,"488PIN",32.00
2,"488WAL",57.60
2,"5/41010ASH",17.50
2,"5/41010BIR",15.00
2,"5/41010PIN",12.50
2,"5/41010WAL",22.50
2,"5/41012ASH",21.00
2,"5/41012BIR",18.00
2,"5/41012PIN",15.00
2,"5/41012WAL",27.00
2,"5/41016ASH",28.00
2,"5/41016BIR",24.00
2,"5/41016PIN",20.00
2,"5/41016WAL",36.00
2,"5/4104ASH",7.00
2,"5/4104BIR",6.00
2,"5/4104PIN",5.00
2,"5/4104WAL",9.00
2,"5/4108ASH",14.00
2,"5/4108BIR",12.00
2,"5/4108PIN",10.00
2,"5/4108WAL",18.00
2,"5/41210ASH",21.00
2,"5/41210BIR",18.00
2,"5/41210PIN",15.00
2,"5/41210WAL",27.00
2,"5/41212ASH",25.20
2,"5/41212BIR",21.60
2,"5/41212PIN",18.00
2,"5/41212WAL",32.40
2,"5/41216ASH",33.60
2,"5/41216BIR",28.80
2,"5/41216PIN",24.00
2,"5/41216WAL",43.20
2,"5/4124ASH",8.40
2,"5/4124BIR",7.20
2,"5/4124PIN",6.00
2,"5/4124WAL",10.80
2,"5/4128ASH",16.80
2,"5/4128BIR",14.40
2,"5/4128PIN",12.00
2,"5/4128WAL",21.60
2,"5/4210ASH",3.50
2,"5/4210BIR",3.00
2,"5/4210PIN",2.50
2,"5/4210WAL",4.50
2,"5/4212ASH",4.20
2,"5/4212BIR",3.60
2,"5/4212PIN",3.00
2,"5/4212WAL",5.40
2,"5/4216ASH",5.60
2,"5/4216BIR",4.80
2,"5/4216PIN",4.00
2,"5/4216WAL",7.20
2,"5/424ASH",1.40
2,"5/424BIR",1.20
2,"5/424PIN",1.00
2,"5/424WAL",1.80
2,"5/428ASH",2.80
2,"5/428BIR",2.40
2,"5/428PIN",2.00
2,"5/428WAL",3.60
2,"5/4310ASH",5.25
2,"5/4310BIR",4.50
2,"5/4310PIN",3.75
2,"5/4310WAL",6.75
2,"5/4312ASH",6.30
2,"5/4312BIR",5.40
2,"5/4312PIN",4.50
2,"5/4312WAL",8.10
2,"5/4316ASH",8.40
2,"5/4316BIR",7.20
2,"5/4316PIN",6.00
2,"5/4316WAL",10.80
2,"5/434ASH",2.10
2,"5/434BIR",1.80
2,"5/434PIN",1.50
2,"5/434WAL",2.70
2,"5/438ASH",4.20
2,"5/438BIR",3.60
2,"5/438PIN",3.00
2,"5/438WAL",5.40
2,"5/4410ASH",7.00
2,"5/4410BIR",6.00
2,"5/4410PIN",5.00
2,"5/4410WAL",9.00
2,"5/4412ASH",8.40
2,"5/4412BIR",7.20
2,"5/4412PIN",6.00
2,"5/4412WAL",10.80
2,"5/4416ASH",11.20
2,"5/4416BIR",9.60
2,"5/4416PIN",8.00
2,"5/4416WAL",14.40
2,"5/444ASH",2.80
2,"5/444BIR",2.40
2,"5/444PIN",2.00
2,"5/444WAL",3.60
2,"5/448ASH",5.60
2,"5/448BIR",4.80
2,"5/448PIN",4.00
2,"5/448WAL",7.20
2,"5/4610ASH",10.50
2,"5/4610BIR",9.00
2,"5/4610PIN",7.50
2,"5/4610WAL",13.50
2,"5/4612ASH",12.60
2,"5/4612BIR",10.80
2,"5/4612PIN",9.00
2,"5/4612WAL",16.20
2,"5/4616ASH",16.80
2,"5/4616BIR",14.40
2,"5/4616PIN",12.00
2,"5/4616WAL",21.60
2,"5/464ASH",4.20
2,"5/464BIR",3.60
2,"5/464PIN",3.00
2,"5/464WAL",5.40
2,"5/468ASH",8.40
2,"5/468BIR",7.20
2,"5/468PIN",6.00
2,"5/468WAL",10.80
2,"5/4810ASH",14.00
2,"5/4810BIR",12.00
2,"5/4810PIN",10.00
2,"5/4810WAL",18.00
2,"5/4812ASH",16.80
2,"5/4812BIR",14.40
2,"5/4812PIN",12.00
2,"5/4812WAL",21.60
2,"5/4816ASH",22.40
2,"5/4816BIR",19.20
2,"5/4816PIN",16.00
2,"5/4816WAL",28.80
2,"5/484ASH",5.60
2,"5/484BIR",4.80
2,"5/484PIN",4.00
2,"5/484WAL",7.20
2,"5/488ASH",11.20
2,"5/488BIR",9.60
2,"5/488PIN",8.00
2,"5/488WAL",14.40
2,"5/81010ASH",8.05
2,"5/81010BIR",6.90
2,"5/81010PIN",5.75
2,"5/81010WAL",10.35
2,"5/81012ASH",9.66
2,"5/81012BIR",8.28
2,"5/81012PIN",6.90
2,"5/81012WAL",12.42
2,"5/81016ASH",12.88
2,"5/81016BIR",11.04
2,"5/81016PIN",9.20
2,"5/81016WAL",16.56
2,"5/8104ASH",3.22
2,"5/8104BIR",2.76
2,"5/8104PIN",2.30
2,"5/8104WAL",4.14
2,"5/8108ASH",6.44
2,"5/8108BIR",5.52
2,"5/8108PIN",4.60
2,"5/8108WAL",8.28
2,"5/81210ASH",9.66
2,"5/81210BIR",8.28
2,"5/81210PIN",6.90
2,"5/81210WAL",12.42
2,"5/81212ASH",11.59
2,"5/81212BIR",9.94
2,"5/81212PIN",8.28
2,"5/81212WAL",14.90
2,"5/81216ASH",15.46
2,"5/81216BIR",13.25
2,"5/81216PIN",11.04
2,"5/81216WAL",19.87
2,"5/8124ASH",3.86
2,"5/8124BIR",3.31
2,"5/8124PIN",2.76
2,"5/8124WAL",4.97
2,"5/8128ASH",7.73
2,"5/8128BIR",6.62
2,"5/8128PIN",5.52
2,"5/8128WAL",9.94
2,"5/8210ASH",1.61
2,"5/8210BIR",1.38
2,"5/8210PIN",1.15
2,"5/8210WAL",2.07
2,"5/8212ASH",1.93
2,"5/8212BIR",1.66
2,"5/8212PIN",1.38
2,"5/8212WAL",2.48
2,"5/8216ASH",2.58
2,"5/8216BIR",2.21
2,"5/8216PIN",1.84
2,"5/8216WAL",3.31
2,"5/824ASH",0.64
2,"5/824BIR",0.55
2,"5/824PIN",0.46
2,"5/824WAL",0.83
2,"5/828ASH",1.29
2,"5/828BIR",1.10
2,"5/828PIN",0.92
2,"5/828WAL",1.66
2,"5/8310ASH",2.42
2,"5/8310BIR",2.07
2,"5/8310PIN",1.73
2,"5/8310WAL",3.11
2,"5/8312ASH",2.90
2,"5/8312BIR",2.48
2,"5/8312PIN",2.07
2,"5/8312WAL",3.73
2,"5/8316ASH",3.86
2,"5/8316BIR",3.31
2,"5/8316PIN",2.76
2,"5/8316WAL",4.97
2,"5/834ASH",0.97
2,"5/834BIR",0.83
2,"5/834PIN",0.69
2,"5/834WAL",1.24
2,"5/838ASH",1.93
2,"5/838BIR",1.66
2,"5/838PIN",1.38
2,"5/838WAL",2.48
2,"5/8410ASH",3.22
2,"5/8410BIR",2.76
2,"5/8410PIN",2.30
2,"5/8410WAL",4.14
2,"5/8412ASH",3.86
2,"5/8412BIR",3.31
2,"5/8412PIN",2.76
2,"5/8412WAL",4.97
2,"5/8416ASH",5.15
2,"5/8416BIR",4.42
2,"5/8416PIN",3.68
2,"5/8416WAL",6.62
2,"5/844ASH",1.29
2,"5/844BIR",1.10
2,"5/844PIN",0.92
2,"5/844WAL",1.66
2,"5/848ASH",2.58
2,"5/848BIR",2.21
2,"5/848PIN",1.84
2,"5/848WAL",3.31
2,"5/8610ASH",4.83
2,"5/8610BIR",4.14
2,"5/8610PIN",3.45
2,"5/8610WAL",6.21
2,"5/8612ASH",5.80
2,"5/8612BIR",4.97
2,"5/8612PIN",4.14
2,"5/8612WAL",7.45
2,"5/8616ASH",7.73
2,"5/8616BIR",6.62
2,"5/8616PIN",5.52
2,"5/8616WAL",9.94
2,"5/864ASH",1.93
2,"5/864BIR",1.66
2,"5/864PIN",1.38
2,"5/864WAL",2.48
2,"5/868ASH",3.86
2,"5/868BIR",3.31
2,"5/868PIN",2.76
2,"5/868WAL",4.97
2,"5/8810ASH",6.44
2,"5/8810BIR",5.52
2,"5/8810PIN",4.60
2,"5/8810WAL",8.28
2,"5/8812ASH",7.73
2,"5/8812BIR",6.62
2,"5/8812PIN",5.52
2,"5/8812WAL",9.94
2,"5/8816ASH",10.30
2,"5/8816BIR",8.83
2,"5/8816PIN",7.36
2,"5/8816WAL",13.25
2,"5/884ASH",2.58
2,"5/884BIR",2.21
2,"5/884PIN",1.84
2,"5/884WAL",3.31
2,"5/888ASH",5.15
2,"5/888BIR",4.42
2,"5/888PIN",3.68
2,"5/888WAL",6.62
2,"61010ASH",105.00
2,"61010BIR",90.00
2,"61010PIN",75.00
2,"61010WAL",135.00
2,"61012ASH",126.00
2,"61012BIR",108.00
2,"61012PIN",90.00
2,"61012WAL",162.00
2,"61016ASH",168.00
2,"61016BIR",144.00
2,"61016PIN",120.00
2,"61016WAL",216.00
2,"6104ASH",42.00
2,"6104BIR",36.00
2,"6104PIN",30.00
2,"6104WAL",54.00
2,"6108ASH",84.00
2,"6108BIR",72.00
2,"6108PIN",60.00
2,"6108WAL",108.00
2,"61210ASH",126.00
2,"61210BIR",108.00
2,"61210PIN",90.00
2,"61210WAL",162.00
2,"61212ASH",151.20
2,"61212BIR",129.60
2,"61212PIN",108.00
2,"61212WAL",194.40
2,"61216ASH",201.60
2,"61216BIR",172.80
2,"61216PIN",144.00
2,"61216WAL",259.20
2,"6124ASH",50.40
2,"6124BIR",43.20
2,"6124PIN",36.00
2,"6124WAL",64.80
2,"6128ASH",100.80
2,"6128BIR",86.40
2,"6128PIN",72.00
2,"6128WAL",129.60
2,"6210ASH",21.00
2,"6210BIR",18.00
2,"6210PIN",15.00
2,"6210WAL",27.00
2,"6212ASH",25.20
2,"6212BIR",21.60
2,"6212PIN",18.00
2,"6212WAL",32.40
2,"6216ASH",33.60
2,"6216BIR",28.80
2,"6216PIN",24.00
2,"6216WAL",43.20
2,"624ASH",8.40
2,"624BIR",7.20
2,"624PIN",6.00
2,"624WAL",10.80
2,"628ASH",16.80
2,"628BIR",14.40
2,"628PIN",12.00
2,"628WAL",21.60
2,"6310ASH",31.50
2,"6310BIR",27.00
2,"6310PIN",22.50
2,"6310WAL",40.50
2,"6312ASH",37.80
2,"6312BIR",32.40
2,"6312PIN",27.00
2,"6312WAL",48.60
2,"6316ASH",50.40
2,"6316BIR",43.20
2,"6316PIN",36.00
2,"6316WAL",64.80
2,"634ASH",12.60
2,"634BIR",10.80
2,"634PIN",9.00
2,"634WAL",16.20
2,"638ASH",25.20
2,"638BIR",21.60
2,"638PIN",18.00
2,"638WAL",32.40
2,"6410ASH",42.00
2,"6410BIR",36.00
2,"6410PIN",30.00
2,"6410WAL",54.00
2,"6412ASH",50.40
2,"6412BIR",43.20
2,"6412PIN",36.00
2,"6412WAL",64.80
2,"6416ASH",67.20
2,"6416BIR",57.60
2,"6416PIN",48.00
2,"6416WAL",86.40
2,"644ASH",16.80
2,"644BIR",14.40
2,"644PIN",12.00
2,"644WAL",21.60
2,"648ASH",33.60
2,"648BIR",28.80
2,"648PIN",24.00
2,"648WAL",43.20
2,"6610ASH",63.00
2,"6610BIR",54.00
2,"6610PIN",45.00
2,"6610WAL",81.00
2,"6612ASH",75.60
2,"6612BIR",64.80
2,"6612PIN",54.00
2,"6612WAL",97.20
2,"6616ASH",100.80
2,"6616BIR",86.40
2,"6616PIN",72.00
2,"6616WAL",129.60
2,"664ASH",25.20
2,"664BIR",21.60
2,"664PIN",18.00
2,"664WAL",32.40
2,"668ASH",50.40
2,"668BIR",43.20
2,"668PIN",36.00
2,"668WAL",64.80
2,"6810ASH",84.00
2,"6810BIR",72.00
2,"6810PIN",60.00
2,"6810WAL",108.00
2,"6812ASH",100.80
2,"6812BIR",86.40
2,"6812PIN",72.00
2,"6812WAL",129.60
2,"6816ASH",134.40
2,"6816BIR",115.20
2,"6816PIN",96.00
2,"6816WAL",172.80
2,"684ASH",33.60
2,"684BIR",28.80
2,"684PIN",24.00
2,"684WAL",43.20
2,"688ASH",67.20
2,"688BIR",57.60
2,"688PIN",48.00
2,"688WAL",86.40
